Algorithm, AverageCompletionTime
First, 1913.888888888889
Shortest, 1370.4444444444443
RR20, 137.48295454545453
RR40, 249.01098901098902
Lottery, 262.54945054945057
