Algorithm, AverageCompletionTime
First, 7013.0
Shortest, 4935.578947368421
RR20, 329.7654723127036
RR40, 608.8677419354839
Lottery, 534.858064516129
