Algorithm, AverageCompletionTime
First, 8770.518518518518
Shortest, 5685.407407407408
RR20, 432.0064599483204
RR40, 800.8015267175573
Lottery, 662.6997455470738
