Algorithm, AverageCompletionTime
First, 1963.111111111111
Shortest, 1518.6666666666667
RR20, 140.4764397905759
RR40, 255.659793814433
Lottery, 245.51546391752578
